{
  "file": "trace_0000.json",
  "model": "gpt5oss",
  "total_experts": 768,
  "simulations": {
    "20": {
      "pool_size": 153,
      "lru": {
        "results": {
          "pool_size": 153,
          "total_experts": 768,
          "pool_percentage": 19.9,
          "overall": {
            "hit_rate": 0.5052609427609428,
            "miss_rate": 0.49473905723905726,
            "total_hits": 28812,
            "total_misses": 28212
          },
          "by_stage": {
            "prefill": {
              "tokens": 82,
              "hit_rate": 0.5002540650406504,
              "miss_rate": 0.4997459349593496,
              "hits": 3938,
              "misses": 3934
            },
            "analysis": {
              "tokens": 8,
              "hit_rate": 0.5559895833333334,
              "miss_rate": 0.4440104166666667,
              "hits": 427,
              "misses": 341
            },
            "gen": {
              "tokens": 504,
              "hit_rate": 0.5052703373015873,
              "miss_rate": 0.4947296626984127,
              "hits": 24447,
              "misses": 23937
            }
          }
        },
        "time": 0.043386220932006836,
        "hit_rate": 0.5052609427609428
      },
      "lstm": {
        "results": {
          "pool_size": 153,
          "total_experts": 768,
          "pool_percentage": 19.9,
          "overall": {
            "hit_rate": 0.36952861952861954,
            "miss_rate": 0.6304713804713805,
            "total_hits": 21072,
            "total_misses": 35952
          },
          "by_stage": {
            "prefill": {
              "tokens": 82,
              "hit_rate": 0.24428353658536586,
              "miss_rate": 0.7557164634146342,
              "hits": 1923,
              "misses": 5949
            },
            "analysis": {
              "tokens": 8,
              "hit_rate": 0.28125,
              "miss_rate": 0.71875,
              "hits": 216,
              "misses": 552
            },
            "gen": {
              "tokens": 504,
              "hit_rate": 0.39130704365079366,
              "miss_rate": 0.6086929563492064,
              "hits": 18933,
              "misses": 29451
            }
          }
        },
        "time": 2.3297598361968994,
        "hit_rate": 0.36952861952861954,
        "improvement": -0.13573232323232326
      }
    },
    "30": {
      "pool_size": 230,
      "lru": {
        "results": {
          "pool_size": 230,
          "total_experts": 768,
          "pool_percentage": 29.9,
          "overall": {
            "hit_rate": 0.6792578563411896,
            "miss_rate": 0.3207421436588103,
            "total_hits": 38734,
            "total_misses": 18290
          },
          "by_stage": {
            "prefill": {
              "tokens": 82,
              "hit_rate": 0.696900406504065,
              "miss_rate": 0.30309959349593496,
              "hits": 5486,
              "misses": 2386
            },
            "analysis": {
              "tokens": 8,
              "hit_rate": 0.7669270833333334,
              "miss_rate": 0.23307291666666666,
              "hits": 589,
              "misses": 179
            },
            "gen": {
              "tokens": 504,
              "hit_rate": 0.6749958664021164,
              "miss_rate": 0.3250041335978836,
              "hits": 32659,
              "misses": 15725
            }
          }
        },
        "time": 0.04445219039916992,
        "hit_rate": 0.6792578563411896
      },
      "lstm": {
        "results": {
          "pool_size": 230,
          "total_experts": 768,
          "pool_percentage": 29.9,
          "overall": {
            "hit_rate": 0.6664913019079686,
            "miss_rate": 0.33350869809203143,
            "total_hits": 38006,
            "total_misses": 19018
          },
          "by_stage": {
            "prefill": {
              "tokens": 82,
              "hit_rate": 0.635670731707317,
              "miss_rate": 0.3643292682926829,
              "hits": 5004,
              "misses": 2868
            },
            "analysis": {
              "tokens": 8,
              "hit_rate": 0.7278645833333334,
              "miss_rate": 0.2721354166666667,
              "hits": 559,
              "misses": 209
            },
            "gen": {
              "tokens": 504,
              "hit_rate": 0.6705315806878307,
              "miss_rate": 0.3294684193121693,
              "hits": 32443,
              "misses": 15941
            }
          }
        },
        "time": 2.318894386291504,
        "hit_rate": 0.6664913019079686,
        "improvement": -0.012766554433221056
      }
    },
    "40": {
      "pool_size": 307,
      "lru": {
        "results": {
          "pool_size": 307,
          "total_experts": 768,
          "pool_percentage": 40.0,
          "overall": {
            "hit_rate": 0.7970679012345679,
            "miss_rate": 0.2029320987654321,
            "total_hits": 45452,
            "total_misses": 11572
          },
          "by_stage": {
            "prefill": {
              "tokens": 82,
              "hit_rate": 0.7858231707317073,
              "miss_rate": 0.21417682926829268,
              "hits": 6186,
              "misses": 1686
            },
            "analysis": {
              "tokens": 8,
              "hit_rate": 0.8346354166666666,
              "miss_rate": 0.16536458333333334,
              "hits": 641,
              "misses": 127
            },
            "gen": {
              "tokens": 504,
              "hit_rate": 0.7983010912698413,
              "miss_rate": 0.20169890873015872,
              "hits": 38625,
              "misses": 9759
            }
          }
        },
        "time": 0.03973960876464844,
        "hit_rate": 0.7970679012345679
      },
      "lstm": {
        "results": {
          "pool_size": 307,
          "total_experts": 768,
          "pool_percentage": 40.0,
          "overall": {
            "hit_rate": 0.7810746352413019,
            "miss_rate": 0.2189253647586981,
            "total_hits": 44540,
            "total_misses": 12484
          },
          "by_stage": {
            "prefill": {
              "tokens": 82,
              "hit_rate": 0.7588922764227642,
              "miss_rate": 0.24110772357723578,
              "hits": 5974,
              "misses": 1898
            },
            "analysis": {
              "tokens": 8,
              "hit_rate": 0.8515625,
              "miss_rate": 0.1484375,
              "hits": 654,
              "misses": 114
            },
            "gen": {
              "tokens": 504,
              "hit_rate": 0.7835648148148148,
              "miss_rate": 0.21643518518518517,
              "hits": 37912,
              "misses": 10472
            }
          }
        },
        "time": 2.3077030181884766,
        "hit_rate": 0.7810746352413019,
        "improvement": -0.015993265993266004
      }
    },
    "50": {
      "pool_size": 384,
      "lru": {
        "results": {
          "pool_size": 384,
          "total_experts": 768,
          "pool_percentage": 50.0,
          "overall": {
            "hit_rate": 0.8884504769921436,
            "miss_rate": 0.11154952300785634,
            "total_hits": 50663,
            "total_misses": 6361
          },
          "by_stage": {
            "prefill": {
              "tokens": 82,
              "hit_rate": 0.8501016260162602,
              "miss_rate": 0.14989837398373984,
              "hits": 6692,
              "misses": 1180
            },
            "analysis": {
              "tokens": 8,
              "hit_rate": 0.875,
              "miss_rate": 0.125,
              "hits": 672,
              "misses": 96
            },
            "gen": {
              "tokens": 504,
              "hit_rate": 0.8949032738095238,
              "miss_rate": 0.10509672619047619,
              "hits": 43299,
              "misses": 5085
            }
          }
        },