{
  "file": "trace_0000.json",
  "model": "olmoe",
  "total_experts": 1024,
  "simulations": {
    "20": {
      "pool_size": 204,
      "lru": {
        "results": {
          "pool_size": 204,
          "total_experts": 1024,
          "pool_percentage": 19.9,
          "overall": {
            "hit_rate": 0.3766659007352941,
            "miss_rate": 0.6233340992647058,
            "total_hits": 13114,
            "total_misses": 21702
          },
          "by_stage": {
            "prefill": {
              "tokens": 16,
              "hit_rate": 0.32958984375,
              "miss_rate": 0.67041015625,
              "hits": 675,
              "misses": 1373
            },
            "gen": {
              "tokens": 256,
              "hit_rate": 0.379608154296875,
              "miss_rate": 0.620391845703125,
              "hits": 12439,
              "misses": 20329
            }
          }
        },
        "time": 0.023902177810668945,
        "hit_rate": 0.3766659007352941
      },
      "lstm": {
        "results": {
          "pool_size": 204,
          "total_experts": 1024,
          "pool_percentage": 19.9,
          "overall": {
            "hit_rate": 0.24192899816176472,
            "miss_rate": 0.7580710018382353,
            "total_hits": 8423,
            "total_misses": 26393
          },
          "by_stage": {
            "prefill": {
              "tokens": 16,
              "hit_rate": 0.3076171875,
              "miss_rate": 0.6923828125,
              "hits": 630,
              "misses": 1418
            },
            "gen": {
              "tokens": 256,
              "hit_rate": 0.237823486328125,
              "miss_rate": 0.762176513671875,
              "hits": 7793,
              "misses": 24975
            }
          }
        },
        "time": 1.1815195083618164,
        "hit_rate": 0.24192899816176472,
        "improvement": -0.13473690257352938
      }
    },
    "30": {
      "pool_size": 307,
      "lru": {
        "results": {
          "pool_size": 307,
          "total_experts": 1024,
          "pool_percentage": 30.0,
          "overall": {
            "hit_rate": 0.5420496323529411,
            "miss_rate": 0.4579503676470588,
            "total_hits": 18872,
            "total_misses": 15944
          },
          "by_stage": {
            "prefill": {
              "tokens": 16,
              "hit_rate": 0.50146484375,
              "miss_rate": 0.49853515625,
              "hits": 1027,
              "misses": 1021
            },
            "gen": {
              "tokens": 256,
              "hit_rate": 0.544586181640625,
              "miss_rate": 0.455413818359375,
              "hits": 17845,
              "misses": 14923
            }
          }
        },
        "time": 0.023355722427368164,
        "hit_rate": 0.5420496323529411
      },
      "lstm": {
        "results": {
          "pool_size": 307,
          "total_experts": 1024,
          "pool_percentage": 30.0,
          "overall": {
            "hit_rate": 0.5446346507352942,
            "miss_rate": 0.4553653492647059,
            "total_hits": 18962,
            "total_misses": 15854
          },
          "by_stage": {
            "prefill": {
              "tokens": 16,
              "hit_rate": 0.4716796875,
              "miss_rate": 0.5283203125,
              "hits": 966,
              "misses": 1082
            },
            "gen": {
              "tokens": 256,
              "hit_rate": 0.5491943359375,
              "miss_rate": 0.4508056640625,
              "hits": 17996,
              "misses": 14772
            }
          }
        },
        "time": 1.2009961605072021,
        "hit_rate": 0.5446346507352942,
        "improvement": 0.0025850183823530326
      }
    },
    "40": {
      "pool_size": 409,
      "lru": {
        "results": {
          "pool_size": 409,
          "total_experts": 1024,
          "pool_percentage": 39.9,
          "overall": {
            "hit_rate": 0.6059283088235294,
            "miss_rate": 0.39407169117647056,
            "total_hits": 21096,
            "total_misses": 13720
          },
          "by_stage": {
            "prefill": {
              "tokens": 16,
              "hit_rate": 0.56201171875,
              "miss_rate": 0.43798828125,
              "hits": 1151,
              "misses": 897
            },
            "gen": {
              "tokens": 256,
              "hit_rate": 0.608673095703125,
              "miss_rate": 0.391326904296875,
              "hits": 19945,
              "misses": 12823
            }
          }
        },
        "time": 0.023586750030517578,
        "hit_rate": 0.6059283088235294
      },
      "lstm": {
        "results": {
          "pool_size": 409,
          "total_experts": 1024,
          "pool_percentage": 39.9,
          "overall": {
            "hit_rate": 0.6537224264705882,
            "miss_rate": 0.34627757352941174,
            "total_hits": 22760,
            "total_misses": 12056
          },
          "by_stage": {
            "prefill": {
              "tokens": 16,
              "hit_rate": 0.55126953125,
              "miss_rate": 0.44873046875,
              "hits": 1129,
              "misses": 919
            },
            "gen": {
              "tokens": 256,
              "hit_rate": 0.660125732421875,
              "miss_rate": 0.339874267578125,
              "hits": 21631,
              "misses": 11137
            }
          }
        },
        "time": 1.1771063804626465,
        "hit_rate": 0.6537224264705882,
        "improvement": 0.047794117647058765
      }
    },
    "50": {
      "pool_size": 512,
      "lru": {
        "results": {
          "pool_size": 512,
          "total_experts": 1024,
          "pool_percentage": 50.0,
          "overall": {
            "hit_rate": 0.6678538602941176,
            "miss_rate": 0.33214613970588236,
            "total_hits": 23252,
            "total_misses": 11564
          },
          "by_stage": {
            "prefill": {
              "tokens": 16,
              "hit_rate": 0.58984375,
              "miss_rate": 0.41015625,
              "hits": 1208,
              "misses": 840
            },
            "gen": {
              "tokens": 256,
              "hit_rate": 0.6727294921875,
              "miss_rate": 0.3272705078125,
              "hits": 22044,
              "misses": 10724
            }
          }
        },
        "time": 0.022290706634521484,
        "hit_rate": 0.6678538602941176
      },
      "lstm": {
        "results": {
          "pool_size": 512,
          "total_experts": 1024,
          "pool_percentage": 50.0,
          "overall": {
            "hit_rate": 0.7126608455882353,
            "miss_rate": 0.2873391544117647,
            "total_hits": 24812,
            "total_misses": 10004
          },
          "by_stage": {
            "prefill": {
              "tokens": 16,
              "hit_rate": 0.61328125,
              "miss_rate": 0.38671875,
              "hits": 1256,
              "misses": 792
            },
            "gen": {
              "tokens": 256,
              "hit_rate": 0.7188720703125,
              "miss_rate": 0.2811279296875,
              "hits": 23556,
              "misses": 9212
            }
          }
        },
        "time": 1.2613773345947266,
        "hit_rate": 0.7126608455882353,
        "improvement": 0.04480698529411764
      }
    },
    "60": {
      "pool_size": 614,
      "lru": {
        "results": {
          "pool_size": 614,
          "total_experts": 1024,
          "pool_percentage": 60.0,
          "overall": {
            "hit_rate": 0.7762810202205882,
            "miss_rate": 0.22371897977941177,
            "total_hits": 27027,
            "total_misses": 7789
          },
          "by_stage": {
            "prefill": {
              "tokens": 16,
              "hit_rate": 0.60498046875,
              "miss_rate": 0.39501953125,
              "hits": 1239,