{
  "train_losses": [
    -245.04470150432888,
    -767.4567144484747,
    -1269.9955357142858,
    -1764.8849419487847,
    -2255.9553997705852,
    -2744.9015028211807,
    -3232.4827008928573,
    -3719.1113785032244,
    -4205.038147941468,
    -4690.426447792659
  ],
  "test_metrics": {
    "accuracy": 0.020306299603174604,
    "precision": 0.020306299603174604,
    "recall": 0.020306299603174604,
    "f1": 0.020306299603174604,
    "hamming_loss": 0.9796937003968254
  }
}